type,written,spoken
time,11:00,eleven AM
time,01:56,one fifty six AM
number,857793,"eight hundred fifty seven thousand, seven hundred ninety three"
currency,$437.34,four hundred thirty seven dollars thirty four cents
date,11/02/1949,"November second, nineteen forty nine"
decimal,37.478,thirty seven point four seven eight
number,42770,"forty two thousand, seven hundred seventy"
phone,220-666-2514,"two two zero, six six six, two five one four"
decimal,61.810,sixty one point eight one zero
time,07:19,seven nineteen AM
hebrew_gender,שלך (Read as Masculine),shelcha
time,19:01,seven oh one PM
phone,735-951-5810,"seven three five, nine five one, five eight one zero"
date,1919-08-27,"August twenty seventh, nineteen nineteen"
hebrew_gender,תשובתך (Read as Masculine),tshuvatcha
time,14:03,two oh three PM
date,19/12/1970,"December nineteenth, nineteen seventy"
number,175567,"one hundred seventy five thousand, five hundred sixty seven"
decimal,86.641,eighty six point six four one
number,699754,"six hundred ninety nine thousand, seven hundred fifty four"
date,"October 26, 1972","October twenty sixth, nineteen seventy two"
decimal,23.221,twenty three point two two one
time,10:27,ten twenty seven AM
decimal,48.466,forty eight point four six six
date,20/06/1942,"June twentieth, nineteen forty two"
phone,993-841-8751,"nine nine three, eight four one, eight seven five one"
hebrew_gender,ידיעתך (Read as Masculine),yedi'at'cha
currency,$626.85,six hundred twenty six dollars eighty five cents
decimal,10.347,ten point three four seven
time,00:34,twelve thirty four AM
number,103966,"one hundred three thousand, nine hundred sixty six"
hebrew_gender,ידעת (Read as Feminine),yadat
date,1957-12-05,"December fifth, nineteen fifty seven"
phone,913-844-4899,"nine one three, eight four four, four eight nine nine"
currency,$593.11,five hundred ninety three dollars eleven cents
hebrew_gender,עשית (Read as Feminine),asit
time,19:36,seven thirty six PM
decimal,60.25,sixty point two five
time,18:58,six fifty eight PM
currency,$498.17,four hundred ninety eight dollars seventeen cents
decimal,84.921,eighty four point nine two one
decimal,70.480,seventy point four eight zero
time,10:24,ten twenty four AM
time,15:04,three oh four PM
time,15:41,three forty one PM
date,2034-12-02,"December second, twenty thirty four"
hebrew_gender,לידיעתך (Read as Feminine),leyedi'atech
phone,480-371-5523,"four eight zero, three seven one, five five two three"
hebrew_gender,כתבת (Read as Feminine),katavt
currency,$389.13,three hundred eighty nine dollars thirteen cents
number,594533,"five hundred ninety four thousand, five hundred thirty three"
hebrew_gender,לך (Read as Feminine),lach
number,249328,"two hundred forty nine thousand, three hundred twenty eight"
decimal,90.747,ninety point seven four seven
hebrew_gender,בך (Read as Feminine),bach
hebrew_gender,איתך (Read as Masculine),itcha
hebrew_gender,עליך (Read as Feminine),alaich
phone,205-656-7280,"two zero five, six five six, seven two eight zero"
date,08/17/2045,"August seventeenth, twenty forty five"
date,09/04/2029,"April ninth, twenty twenty nine"
time,04:09,four oh nine AM
time,01:04,one oh four AM
time,14:47,two forty seven PM
decimal,83.133,eighty three point one three three
currency,$964.25,nine hundred sixty four dollars twenty five cents
phone,204-685-3025,"two zero four, six eight five, three zero two five"
phone,750-330-1373,"seven five zero, three three zero, one three seven three"
date,"March 14, 1922","March fourteenth, nineteen twenty two"
number,204547,"two hundred four thousand, five hundred forty seven"
hebrew_gender,חשבת (Read as Feminine),chashavt
date,03/24/2005,"March twenty fourth, two thousand five"
time,00:30,twelve thirty AM
hebrew_gender,הלכת (Read as Feminine),halacht
hebrew_gender,דעתך (Read as Feminine),da'atech
date,2000-02-05,"February fifth, two thousand"
decimal,37.846,thirty seven point eight four six
phone,591-435-3194,"five nine one, four three five, three one nine four"
decimal,96.255,ninety six point two five five
phone,234-446-3253,"two three four, four four six, three two five three"
number,965783,"nine hundred sixty five thousand, seven hundred eighty three"
time,16:41,four forty one PM
time,00:25,twelve twenty five AM
phone,404-211-3201,"four zero four, two one one, three two zero one"
date,08/18/2000,"August eighteenth, two thousand"
hebrew_gender,הלכת (Read as Feminine),halacht
number,689379,"six hundred eighty nine thousand, three hundred seventy nine"
decimal,10.364,ten point three six four
number,267818,"two hundred sixty seven thousand, eight hundred eighteen"
number,520085,five hundred twenty thousand eighty five
hebrew_gender,לידיעתך (Read as Feminine),leyedi'atech
decimal,78.692,seventy eight point six nine two
time,12:03,twelve oh three PM
currency,$194.12,one hundred ninety four dollars twelve cents
hebrew_gender,אצלך (Read as Masculine),etzlecha
number,31087,thirty one thousand eighty seven
time,17:07,five oh seven PM
hebrew_gender,רצית (Read as Feminine),ratzit
number,312303,"three hundred twelve thousand, three hundred three"
phone,877-494-6416,"eight seven seven, four nine four, six four one six"
decimal,9.997,nine point nine nine seven
decimal,34.358,thirty four point three five eight
currency,$257.53,two hundred fifty seven dollars fifty three cents
decimal,34.850,thirty four point eight five zero
number,881568,"eight hundred eighty one thousand, five hundred sixty eight"
date,1959-10-02,"October second, nineteen fifty nine"
hebrew_gender,הלכת (Read as Masculine),halachta
date,"February 25, 1908","February twenty fifth, nineteen oh eight"
phone,466-382-1495,"four six six, three eight two, one four nine five"
currency,$735.46,seven hundred thirty five dollars forty six cents
number,882703,"eight hundred eighty two thousand, seven hundred three"
hebrew_gender,אותך (Read as Feminine),otach
time,10:46,ten forty six AM
currency,$623.48,six hundred twenty three dollars forty eight cents
number,582158,"five hundred eighty two thousand, one hundred fifty eight"
currency,$104.17,one hundred four dollars seventeen cents
time,03:48,three forty eight AM
date,10/07/2005,"July tenth, two thousand five"
date,01/17/1937,"January seventeenth, nineteen thirty seven"
currency,$99.11,ninety nine dollars eleven cents
currency,$56.76,fifty six dollars seventy six cents
currency,$629.49,six hundred twenty nine dollars forty nine cents
hebrew_gender,בשבילך (Read as Masculine),bishvilcha
decimal,76.934,seventy six point nine three four
decimal,94.317,ninety four point three one seven
number,680066,six hundred eighty thousand sixty six
phone,208-583-7131,"two zero eight, five eight three, seven one three one"
time,10:20,ten twenty AM
number,775474,"seven hundred seventy five thousand, four hundred seventy four"
date,1998-12-13,"December thirteenth, nineteen ninety eight"
decimal,33.920,thirty three point nine two zero
currency,$845.68,eight hundred forty five dollars sixty eight cents
decimal,75.962,seventy five point nine six two
number,266203,"two hundred sixty six thousand, two hundred three"
time,04:10,four ten AM
number,170906,"one hundred seventy thousand, nine hundred six"
currency,$753.08,seven hundred fifty three dollars eight cents
number,544305,"five hundred forty four thousand, three hundred five"
phone,379-513-6152,"three seven nine, five one three, six one five two"
number,633591,"six hundred thirty three thousand, five hundred ninety one"
hebrew_gender,אצלך (Read as Masculine),etzlecha
hebrew_gender,הלכת (Read as Masculine),halachta
currency,$289.82,two hundred eighty nine dollars eighty two cents
phone,233-497-5141,"two three three, four nine seven, five one four one"
number,667915,"six hundred sixty seven thousand, nine hundred fifteen"
date,07/02/1912,"February seventh, nineteen twelve"
time,11:38,eleven thirty eight AM
date,04/20/2014,"April twentieth, twenty fourteen"
decimal,49.649,forty nine point six four nine
date,14/10/1992,"October fourteenth, nineteen ninety two"
time,16:26,four twenty six PM
decimal,17.973,seventeen point nine seven three
decimal,1.531,one point five three one
currency,$683.94,six hundred eighty three dollars ninety four cents
number,794212,"seven hundred ninety four thousand, two hundred twelve"
decimal,22.183,twenty two point one eight three
date,12/31/2034,"December thirty first, twenty thirty four"
decimal,10.779,ten point seven seven nine
number,228526,"two hundred twenty eight thousand, five hundred twenty six"
decimal,99.693,ninety nine point six nine three
decimal,39.468,thirty nine point four six eight
hebrew_gender,תשובתך (Read as Feminine),tshuvatech
currency,$158.84,one hundred fifty eight dollars eighty four cents
decimal,77.966,seventy seven point nine six six
currency,$134.70,one hundred thirty four dollars seventy cents
hebrew_gender,לידיעתך (Read as Masculine),leyedi'at'cha
decimal,29.749,twenty nine point seven four nine
hebrew_gender,בך (Read as Feminine),bach
date,02/17/1934,"February seventeenth, nineteen thirty four"
number,983449,"nine hundred eighty three thousand, four hundred forty nine"
time,12:13,twelve thirteen PM
phone,812-250-3037,"eight one two, two five zero, three zero three seven"
hebrew_gender,תשובתך (Read as Masculine),tshuvatcha
decimal,69.218,sixty nine point two one eight
number,132344,"one hundred thirty two thousand, three hundred forty four"
hebrew_gender,ממך (Read as Masculine),mimcha
date,08/21/2008,"August twenty first, two thousand eight"
decimal,10.689,ten point six eight nine
hebrew_gender,ממך (Read as Feminine),mimech
currency,$248.11,two hundred forty eight dollars eleven cents
currency,$23.94,twenty three dollars ninety four cents
phone,652-988-5862,"six five two, nine eight eight, five eight six two"
date,1985-06-11,"June eleventh, nineteen eighty five"
decimal,7.25,seven point two five
decimal,83.216,eighty three point two one six
decimal,69.379,sixty nine point three seven nine
phone,299-640-3126,"two nine nine, six four zero, three one two six"
number,810358,"eight hundred ten thousand, three hundred fifty eight"
hebrew_gender,דעתך (Read as Masculine),da'at'cha
number,96353,"ninety six thousand, three hundred fifty three"
number,820613,"eight hundred twenty thousand, six hundred thirteen"
time,12:46,twelve forty six PM
currency,$234.98,two hundred thirty four dollars ninety eight cents
time,08:46,eight forty six AM
currency,$969.21,nine hundred sixty nine dollars twenty one cents
decimal,59.684,fifty nine point six eight four
phone,905-254-5737,"nine zero five, two five four, five seven three seven"
time,23:57,eleven fifty seven PM
hebrew_gender,לך (Read as Masculine),lecha
time,21:59,nine fifty nine PM
hebrew_gender,שלך (Read as Masculine),shelcha
decimal,83.787,eighty three point seven eight seven
phone,904-555-8111,"nine zero four, five five five, eight one one one"
number,266593,"two hundred sixty six thousand, five hundred ninety three"
currency,$560.29,five hundred sixty dollars twenty nine cents
currency,$719.75,seven hundred nineteen dollars seventy five cents
phone,232-246-9883,"two three two, two four six, nine eight eight three"
time,20:50,eight fifty PM
date,28/03/1939,"March twenty eighth, nineteen thirty nine"
currency,$435.63,four hundred thirty five dollars sixty three cents
hebrew_gender,ידיעתך (Read as Masculine),yedi'at'cha
number,247126,"two hundred forty seven thousand, one hundred twenty six"
hebrew_gender,בשבילך (Read as Feminine),bishvilech
date,"February 01, 2026","February first, twenty twenty six"
decimal,25.697,twenty five point six nine seven
time,09:19,nine nineteen AM
currency,$28.31,twenty eight dollars thirty one cents
hebrew_gender,כמוך (Read as Masculine),kamocha
currency,$86.42,eighty six dollars forty two cents
phone,592-945-7414,"five nine two, nine four five, seven four one four"
decimal,55.573,fifty five point five seven three
time,19:29,seven twenty nine PM
currency,$225.78,two hundred twenty five dollars seventy eight cents
currency,$775.55,seven hundred seventy five dollars fifty five cents
number,268188,"two hundred sixty eight thousand, one hundred eighty eight"
hebrew_gender,עליך (Read as Masculine),aleicha
time,16:08,four oh eight PM
date,"November 09, 1978","November ninth, nineteen seventy eight"
number,625433,"six hundred twenty five thousand, four hundred thirty three"
currency,$20.28,twenty dollars twenty eight cents
decimal,1.936,one point nine three six
number,453429,"four hundred fifty three thousand, four hundred twenty nine"
time,08:08,eight oh eight AM
time,02:46,two forty six AM
time,12:45,twelve forty five PM
date,"October 07, 2015","October seventh, twenty fifteen"
decimal,41.869,forty one point eight six nine
hebrew_gender,כמוך (Read as Feminine),kamoch
time,10:34,ten thirty four AM
decimal,94.220,ninety four point two two zero
date,"March 26, 1915","March twenty sixth, nineteen fifteen"
decimal,5.438,five point four three eight
hebrew_gender,ראית (Read as Feminine),ra'it
currency,$59.40,fifty nine dollars forty cents
decimal,9.687,nine point six eight seven
currency,$983.92,nine hundred eighty three dollars ninety two cents
phone,903-243-4988,"nine zero three, two four three, four nine eight eight"
decimal,28.836,twenty eight point eight three six
time,15:19,three nineteen PM
currency,$276.28,two hundred seventy six dollars twenty eight cents
phone,216-284-8442,"two one six, two eight four, eight four four two"
date,09/04/1930,"April ninth, nineteen thirty"
date,31/07/1999,"July thirty first, nineteen ninety nine"
date,12/05/1955,"December fifth, nineteen fifty five"
number,805935,"eight hundred five thousand, nine hundred thirty five"
currency,$481.01,four hundred eighty one dollars one cent
currency,$884.19,eight hundred eighty four dollars nineteen cents
date,"May 09, 2042","May ninth, twenty forty two"
decimal,41.141,forty one point one four one
number,289503,"two hundred eighty nine thousand, five hundred three"
number,111682,"one hundred eleven thousand, six hundred eighty two"
currency,$672.92,six hundred seventy two dollars ninety two cents
number,794548,"seven hundred ninety four thousand, five hundred forty eight"
hebrew_gender,הלכת (Read as Feminine),halacht
currency,$664.71,six hundred sixty four dollars seventy one cents
time,22:14,ten fourteen PM
time,22:21,ten twenty one PM
number,561119,"five hundred sixty one thousand, one hundred nineteen"
currency,$980.90,nine hundred eighty dollars ninety cents
currency,$876.29,eight hundred seventy six dollars twenty nine cents
hebrew_gender,רצית (Read as Masculine),ratzita
decimal,4.514,four point five one four
time,19:28,seven twenty eight PM
currency,$350.69,three hundred fifty dollars sixty nine cents
currency,$245.91,two hundred forty five dollars ninety one cents
currency,$712.96,seven hundred twelve dollars ninety six cents
date,01/26/1902,"January twenty sixth, nineteen oh two"
hebrew_gender,זכותך (Read as Feminine),zchutech
number,231701,"two hundred thirty one thousand, seven hundred one"
number,456033,four hundred fifty six thousand thirty three
decimal,22.429,twenty two point four two nine
number,673823,"six hundred seventy three thousand, eight hundred twenty three"
decimal,60.792,sixty point seven nine two
time,23:38,eleven thirty eight PM
phone,538-469-3290,"five three eight, four six nine, three two nine zero"
number,876354,"eight hundred seventy six thousand, three hundred fifty four"
currency,$532.39,five hundred thirty two dollars thirty nine cents
currency,$11.21,eleven dollars twenty one cents
hebrew_gender,הבנת (Read as Feminine),hevant
hebrew_gender,בעצמך (Read as Masculine),be'atzmecha
hebrew_gender,אמרת (Read as Feminine),amart
decimal,92.963,ninety two point nine six three
phone,204-706-2065,"two zero four, seven zero six, two zero six five"
date,1939-03-05,"March fifth, nineteen thirty nine"
time,13:46,one forty six PM
phone,609-247-2965,"six zero nine, two four seven, two nine six five"
phone,698-838-6277,"six nine eight, eight three eight, six two seven seven"
currency,$606.10,six hundred six dollars ten cents
number,273245,"two hundred seventy three thousand, two hundred forty five"
date,"December 12, 1981","December twelfth, nineteen eighty one"
phone,396-218-2129,"three nine six, two one eight, two one two nine"
date,"May 10, 2035","May tenth, twenty thirty five"
time,14:00,two PM
hebrew_gender,עליך (Read as Masculine),aleicha
number,85461,"eighty five thousand, four hundred sixty one"
hebrew_gender,בך (Read as Masculine),becha
number,903701,"nine hundred three thousand, seven hundred one"
decimal,66.341,sixty six point three four one
phone,277-209-7960,"two seven seven, two zero nine, seven nine six zero"
date,"September 10, 2030","September tenth, twenty thirty"
decimal,85.227,eighty five point two two seven
phone,487-217-7656,"four eight seven, two one seven, seven six five six"
decimal,10.950,ten point nine five zero
date,01/02/2016,"February first, twenty sixteen"
date,10/27/2011,"October twenty seventh, twenty eleven"
phone,782-725-3195,"seven eight two, seven two five, three one nine five"
date,12/12/1950,"December twelfth, nineteen fifty"
number,719469,"seven hundred nineteen thousand, four hundred sixty nine"
hebrew_gender,שמך (Read as Feminine),shmech
date,11/20/1937,"November twentieth, nineteen thirty seven"
decimal,83.178,eighty three point one seven eight
decimal,88.16,eighty eight point one six
hebrew_gender,אמרת (Read as Masculine),amarta
phone,882-526-8836,"eight eight two, five two six, eight eight three six"
time,19:07,seven oh seven PM
phone,929-248-7283,"nine two nine, two four eight, seven two eight three"
time,12:44,twelve forty four PM
time,02:03,two oh three AM
date,18/09/2011,"September eighteenth, twenty eleven"
time,23:45,eleven forty five PM
time,19:07,seven oh seven PM
decimal,60.424,sixty point four two four
decimal,11.635,eleven point six three five
hebrew_gender,זכותך (Read as Masculine),zchutcha
number,495465,"four hundred ninety five thousand, four hundred sixty five"
time,11:00,eleven AM
number,911220,"nine hundred eleven thousand, two hundred twenty"
number,580742,"five hundred eighty thousand, seven hundred forty two"
decimal,100.951,one hundred point nine five one
decimal,17.219,seventeen point two one nine
currency,$875.49,eight hundred seventy five dollars forty nine cents
date,11/15/2038,"November fifteenth, twenty thirty eight"
date,02/02/1920,"February second, nineteen twenty"
currency,$283.03,two hundred eighty three dollars three cents
phone,753-607-8543,"seven five three, six zero seven, eight five four three"
number,510570,"five hundred ten thousand, five hundred seventy"
date,27/12/1920,"December twenty seventh, nineteen twenty"
decimal,8.546,eight point five four six
time,01:09,one oh nine AM
number,121599,"one hundred twenty one thousand, five hundred ninety nine"
date,11/21/1961,"November twenty first, nineteen sixty one"
number,818350,"eight hundred eighteen thousand, three hundred fifty"
date,06/25/1965,"June twenty fifth, nineteen sixty five"
currency,$220.01,two hundred twenty dollars one cent
phone,718-880-8304,"seven one eight, eight eight zero, eight three zero four"
number,880992,"eight hundred eighty thousand, nine hundred ninety two"
time,10:46,ten forty six AM
time,10:45,ten forty five AM
phone,855-754-3476,"eight five five, seven five four, three four seven six"
date,03/13/1904,"March thirteenth, nineteen oh four"
currency,$471.10,four hundred seventy one dollars ten cents
number,936574,"nine hundred thirty six thousand, five hundred seventy four"
time,12:04,twelve oh four PM
date,"December 16, 1914","December sixteenth, nineteen fourteen"
date,1949-08-08,"August eighth, nineteen forty nine"
currency,$855.60,eight hundred fifty five dollars sixty cents
decimal,83.472,eighty three point four seven two
time,08:03,eight oh three AM
phone,930-861-7585,"nine three zero, eight six one, seven five eight five"
date,05/26/2026,"May twenty sixth, twenty twenty six"
date,"March 07, 1961","March seventh, nineteen sixty one"
decimal,73.128,seventy three point one two eight
currency,$202.28,two hundred two dollars twenty eight cents
number,755232,"seven hundred fifty five thousand, two hundred thirty two"
currency,$613.92,six hundred thirteen dollars ninety two cents
currency,$852.79,eight hundred fifty two dollars seventy nine cents
hebrew_gender,ידעת (Read as Masculine),yadata
number,566976,"five hundred sixty six thousand, nine hundred seventy six"
number,644207,"six hundred forty four thousand, two hundred seven"
time,14:18,two eighteen PM
hebrew_gender,כתבת (Read as Masculine),katavta
time,03:15,three fifteen AM
decimal,49.763,forty nine point seven six three
time,02:01,two oh one AM
currency,$910.12,nine hundred ten dollars twelve cents
decimal,95.806,ninety five point eight zero six
currency,$173.32,one hundred seventy three dollars thirty two cents
number,594684,"five hundred ninety four thousand, six hundred eighty four"
decimal,62.402,sixty two point four zero two
time,21:52,nine fifty two PM
number,899805,"eight hundred ninety nine thousand, eight hundred five"
currency,$192.76,one hundred ninety two dollars seventy six cents
number,670253,"six hundred seventy thousand, two hundred fifty three"
currency,$703.33,seven hundred three dollars thirty three cents
decimal,3.166,three point one six six
currency,$657.38,six hundred fifty seven dollars thirty eight cents
phone,580-467-8205,"five eight zero, four six seven, eight two zero five"
hebrew_gender,הבנת (Read as Masculine),hevanta
date,02/26/2046,"February twenty sixth, twenty forty six"
date,12/19/1926,"December nineteenth, nineteen twenty six"
date,"March 08, 1961","March eighth, nineteen sixty one"
time,05:54,five fifty four AM
hebrew_gender,בשבילך (Read as Feminine),bishvilech
time,12:37,twelve thirty seven PM
phone,885-878-9487,"eight eight five, eight seven eight, nine four eight seven"
decimal,37.515,thirty seven point five one five
currency,$828.33,eight hundred twenty eight dollars thirty three cents
currency,$321.76,three hundred twenty one dollars seventy six cents
hebrew_gender,בעצמך (Read as Feminine),be'atzmech
currency,$943.87,nine hundred forty three dollars eighty seven cents
hebrew_gender,כמוך (Read as Feminine),kamoch
currency,$0.09,nine cents
currency,$782.97,seven hundred eighty two dollars ninety seven cents
number,529488,"five hundred twenty nine thousand, four hundred eighty eight"
phone,898-654-1951,"eight nine eight, six five four, one nine five one"
number,985085,nine hundred eighty five thousand eighty five
hebrew_gender,רצונך (Read as Feminine),retzonech
time,14:57,two fifty seven PM
hebrew_gender,חשבת (Read as Masculine),chashavta
date,"January 06, 1959","January sixth, nineteen fifty nine"
number,16221,"sixteen thousand, two hundred twenty one"
hebrew_gender,כמוך (Read as Masculine),kamocha
time,11:17,eleven seventeen AM
decimal,37.210,thirty seven point two one zero
number,161231,"one hundred sixty one thousand, two hundred thirty one"
decimal,0.462,zero point four six two
number,246229,"two hundred forty six thousand, two hundred twenty nine"
currency,$1.67,one dollar sixty seven cents
decimal,61.936,sixty one point nine three six
decimal,35.343,thirty five point three four three
currency,$480.39,four hundred eighty dollars thirty nine cents
time,10:39,ten thirty nine AM
currency,$817.04,eight hundred seventeen dollars four cents
currency,$482.70,four hundred eighty two dollars seventy cents
hebrew_gender,כוונתך (Read as Feminine),kavanatech
hebrew_gender,אליך (Read as Masculine),eleicha
date,"April 04, 2025","April fourth, twenty twenty five"
phone,590-335-2562,"five nine zero, three three five, two five six two"
number,595074,five hundred ninety five thousand seventy four
hebrew_gender,אמרת (Read as Feminine),amart
hebrew_gender,ידיעתך (Read as Masculine),yedi'at'cha
date,"September 26, 2015","September twenty sixth, twenty fifteen"
phone,803-330-1231,"eight zero three, three three zero, one two three one"
phone,817-393-9840,"eight one seven, three nine three, nine eight four zero"
phone,362-382-5962,"three six two, three eight two, five nine six two"
number,351030,three hundred fifty one thousand thirty
date,09/23/1986,"September twenty third, nineteen eighty six"
date,1964-02-05,"February fifth, nineteen sixty four"
date,10/01/2046,"January tenth, twenty forty six"
time,22:24,ten twenty four PM
hebrew_gender,עליך (Read as Feminine),alaich
date,"December 05, 1962","December fifth, nineteen sixty two"
date,2017-04-27,"April twenty seventh, twenty seventeen"
date,12/26/2045,"December twenty sixth, twenty forty five"
time,03:17,three seventeen AM
hebrew_gender,ממך (Read as Masculine),mimcha
date,1935-05-11,"May eleventh, nineteen thirty five"
currency,$138.67,one hundred thirty eight dollars sixty seven cents
time,17:00,five PM
hebrew_gender,כתבת (Read as Masculine),katavta
date,04/02/1905,"February fourth, nineteen oh five"
date,03/12/2018,"March twelfth, twenty eighteen"
currency,$615.64,six hundred fifteen dollars sixty four cents
hebrew_gender,בעצמך (Read as Feminine),be'atzmech
decimal,39.197,thirty nine point one nine seven
hebrew_gender,כמוך (Read as Masculine),kamocha
time,07:52,seven fifty two AM
hebrew_gender,שאלתך (Read as Feminine),she'elatech
currency,$275.02,two hundred seventy five dollars two cents
number,651237,"six hundred fifty one thousand, two hundred thirty seven"
hebrew_gender,דעתך (Read as Masculine),da'at'cha
phone,846-716-3510,"eight four six, seven one six, three five one zero"
decimal,4.365,four point three six five
date,09/06/1967,"September sixth, nineteen sixty seven"
time,21:17,nine seventeen PM
time,07:28,seven twenty eight AM
decimal,79.208,seventy nine point two zero eight
number,803230,"eight hundred three thousand, two hundred thirty"
date,11/11/2008,"November eleventh, two thousand eight"
decimal,40.366,forty point three six six
phone,876-807-1207,"eight seven six, eight zero seven, one two zero seven"
currency,$263.96,two hundred sixty three dollars ninety six cents
phone,957-937-7766,"nine five seven, nine three seven, seven seven six six"
decimal,2.468,two point four six eight
phone,513-679-3132,"five one three, six seven nine, three one three two"
hebrew_gender,ראית (Read as Masculine),ra'ita
phone,924-640-7538,"nine two four, six four zero, seven five three eight"
hebrew_gender,חשבת (Read as Feminine),chashavt
number,707265,"seven hundred seven thousand, two hundred sixty five"
number,288442,"two hundred eighty eight thousand, four hundred forty two"
hebrew_gender,תשובתך (Read as Masculine),tshuvatcha
hebrew_gender,שמעת (Read as Masculine),shamata
hebrew_gender,דעתך (Read as Masculine),da'at'cha
time,04:00,four AM
decimal,0.964,zero point nine six four
phone,455-351-3056,"four five five, three five one, three zero five six"
time,05:01,five oh one AM
number,104615,"one hundred four thousand, six hundred fifteen"
decimal,1.818,one point eight one eight
decimal,10.782,ten point seven eight two
phone,807-845-3790,"eight zero seven, eight four five, three seven nine zero"
date,"November 19, 1963","November nineteenth, nineteen sixty three"
date,"June 18, 1917","June eighteenth, nineteen seventeen"
time,07:55,seven fifty five AM
date,2002-12-02,"December second, two thousand two"
currency,$938.95,nine hundred thirty eight dollars ninety five cents
time,05:25,five twenty five AM
phone,731-931-1633,"seven three one, nine three one, one six three three"
decimal,15.186,fifteen point one eight six
number,884824,"eight hundred eighty four thousand, eight hundred twenty four"
phone,989-692-5666,"nine eight nine, six nine two, five six six six"
currency,$654.90,six hundred fifty four dollars ninety cents
time,08:23,eight twenty three AM
phone,254-555-1672,"two five four, five five five, one six seven two"
currency,$682.02,six hundred eighty two dollars two cents
currency,$841.10,eight hundred forty one dollars ten cents
time,08:00,eight AM
phone,584-209-6415,"five eight four, two zero nine, six four one five"
number,45460,"forty five thousand, four hundred sixty"
date,"December 22, 1994","December twenty second, nineteen ninety four"
time,16:14,four fourteen PM
currency,$643.65,six hundred forty three dollars sixty five cents
currency,$30.01,thirty dollars one cent
currency,$520.75,five hundred twenty dollars seventy five cents
decimal,41.489,forty one point four eight nine
time,16:10,four ten PM
phone,688-382-7571,"six eight eight, three eight two, seven five seven one"
phone,320-877-9683,"three two zero, eight seven seven, nine six eight three"
currency,$921.96,nine hundred twenty one dollars ninety six cents
decimal,76.389,seventy six point three eight nine
date,"March 30, 1963","March thirtieth, nineteen sixty three"
phone,210-866-7895,"two one zero, eight six six, seven eight nine five"
hebrew_gender,אצלך (Read as Masculine),etzlecha
decimal,45.114,forty five point one one four
hebrew_gender,ידיעתך (Read as Masculine),yedi'at'cha
currency,$210.98,two hundred ten dollars ninety eight cents
time,07:16,seven sixteen AM
hebrew_gender,אותך (Read as Masculine),otcha
decimal,19.236,nineteen point two three six
hebrew_gender,לך (Read as Masculine),lecha
time,22:40,ten forty PM
number,517421,"five hundred seventeen thousand, four hundred twenty one"
time,06:21,six twenty one AM
number,179354,"one hundred seventy nine thousand, three hundred fifty four"
currency,$979.84,nine hundred seventy nine dollars eighty four cents
time,20:38,eight thirty eight PM
currency,$117.73,one hundred seventeen dollars seventy three cents
currency,$266.94,two hundred sixty six dollars ninety four cents
number,619154,"six hundred nineteen thousand, one hundred fifty four"
decimal,8.780,eight point seven eight zero
phone,715-581-2381,"seven one five, five eight one, two three eight one"
hebrew_gender,לידיעתך (Read as Feminine),leyedi'atech
hebrew_gender,דעתך (Read as Masculine),da'at'cha
phone,641-561-7304,"six four one, five six one, seven three zero four"
phone,480-525-1766,"four eight zero, five two five, one seven six six"
hebrew_gender,ידיעתך (Read as Feminine),yedi'atech
phone,877-540-3548,"eight seven seven, five four zero, three five four eight"
decimal,75.290,seventy five point two nine zero
currency,$485.94,four hundred eighty five dollars ninety four cents
time,08:14,eight fourteen AM
time,07:48,seven forty eight AM
time,16:57,four fifty seven PM
decimal,8.135,eight point one three five
hebrew_gender,בעצמך (Read as Masculine),be'atzmecha
currency,$526.16,five hundred twenty six dollars sixteen cents
time,13:20,one twenty PM
number,875707,"eight hundred seventy five thousand, seven hundred seven"
hebrew_gender,עליך (Read as Feminine),alaich
phone,214-728-9759,"two one four, seven two eight, nine seven five nine"
currency,$978.21,nine hundred seventy eight dollars twenty one cents
date,06/02/2047,"February sixth, twenty forty seven"
decimal,79.380,seventy nine point three eight zero
currency,$878.87,eight hundred seventy eight dollars eighty seven cents
date,11/21/1915,"November twenty first, nineteen fifteen"
decimal,96.582,ninety six point five eight two
hebrew_gender,אליך (Read as Masculine),eleicha
number,365534,"three hundred sixty five thousand, five hundred thirty four"
date,05/09/1919,"May ninth, nineteen nineteen"
phone,291-256-1211,"two nine one, two five six, one two one one"
date,"October 17, 1979","October seventeenth, nineteen seventy nine"
date,02/04/1927,"April second, nineteen twenty seven"
currency,$437.25,four hundred thirty seven dollars twenty five cents
date,04/02/2008,"February fourth, two thousand eight"
hebrew_gender,ידעת (Read as Masculine),yadata
hebrew_gender,אליך (Read as Masculine),eleicha
hebrew_gender,הלכת (Read as Feminine),halacht
decimal,49.881,forty nine point eight eight one
decimal,36.819,thirty six point eight one nine
time,10:48,ten forty eight AM
decimal,83.708,eighty three point seven zero eight
date,04/20/1931,"April twentieth, nineteen thirty one"
decimal,77.445,seventy seven point four four five
number,240113,"two hundred forty thousand, one hundred thirteen"
number,629513,"six hundred twenty nine thousand, five hundred thirteen"
currency,$948.59,nine hundred forty eight dollars fifty nine cents
time,01:40,one forty AM
hebrew_gender,כתבת (Read as Feminine),katavt
hebrew_gender,לידיעתך (Read as Feminine),leyedi'atech
decimal,54.443,fifty four point four four three
time,11:40,eleven forty AM
decimal,14.866,fourteen point eight six six
time,09:55,nine fifty five AM
currency,$950.37,nine hundred fifty dollars thirty seven cents
date,12/23/1914,"December twenty third, nineteen fourteen"
phone,363-834-3225,"three six three, eight three four, three two two five"
decimal,18.360,eighteen point three six zero
hebrew_gender,ידעת (Read as Masculine),yadata
decimal,16.576,sixteen point five seven six
time,19:54,seven fifty four PM
phone,743-226-6211,"seven four three, two two six, six two one one"
time,12:11,twelve eleven PM
decimal,9.732,nine point seven three two
date,1920-12-27,"December twenty seventh, nineteen twenty"
decimal,17.550,seventeen point five five zero
currency,$406.79,four hundred six dollars seventy nine cents
decimal,86.368,eighty six point three six eight
decimal,86.242,eighty six point two four two
decimal,72.58,seventy two point five eight
date,"June 07, 2044","June seventh, twenty forty four"
date,10/08/1987,"October eighth, nineteen eighty seven"
time,09:01,nine oh one AM
date,05/03/2044,"May third, twenty forty four"
phone,306-771-2780,"three zero six, seven seven one, two seven eight zero"
hebrew_gender,אותך (Read as Feminine),otach
decimal,48.269,forty eight point two six nine
date,"July 12, 2027","July twelfth, twenty twenty seven"
hebrew_gender,איתך (Read as Masculine),itcha
decimal,96.414,ninety six point four one four
time,13:49,one forty nine PM
number,384156,"three hundred eighty four thousand, one hundred fifty six"
date,27/05/2034,"May twenty seventh, twenty thirty four"
time,03:32,three thirty two AM
hebrew_gender,לך (Read as Masculine),lecha
hebrew_gender,לך (Read as Masculine),lecha
phone,238-222-2275,"two three eight, two two two, two two seven five"
date,05/12/1983,"December fifth, nineteen eighty three"
time,12:38,twelve thirty eight PM
currency,$412.19,four hundred twelve dollars nineteen cents
currency,$131.00,one hundred thirty one dollars
hebrew_gender,ראית (Read as Feminine),ra'it
currency,$136.10,one hundred thirty six dollars ten cents
hebrew_gender,לך (Read as Masculine),lecha
decimal,12.175,twelve point one seven five
date,1904-07-03,"July third, nineteen oh four"
date,"June 06, 1957","June sixth, nineteen fifty seven"
currency,$161.97,one hundred sixty one dollars ninety seven cents
decimal,24.881,twenty four point eight eight one
hebrew_gender,כתבת (Read as Masculine),katavta
time,07:03,seven oh three AM
currency,$796.01,seven hundred ninety six dollars one cent
time,09:09,nine oh nine AM
date,08/17/1950,"August seventeenth, nineteen fifty"
number,980746,"nine hundred eighty thousand, seven hundred forty six"
time,02:16,two sixteen AM
hebrew_gender,שאלתך (Read as Feminine),she'elatech
decimal,18.21,eighteen point two one
hebrew_gender,לך (Read as Feminine),lach
currency,$124.66,one hundred twenty four dollars sixty six cents
number,982043,nine hundred eighty two thousand forty three
number,868559,"eight hundred sixty eight thousand, five hundred fifty nine"
hebrew_gender,בשבילך (Read as Feminine),bishvilech
phone,611-578-6377,"six one one, five seven eight, six three seven seven"
currency,$642.93,six hundred forty two dollars ninety three cents
time,13:03,one oh three PM
currency,$545.63,five hundred forty five dollars sixty three cents
currency,$708.49,seven hundred eight dollars forty nine cents
date,2003-06-19,"June nineteenth, two thousand three"
date,"May 18, 1959","May eighteenth, nineteen fifty nine"
date,12/01/1924,"January twelfth, nineteen twenty four"
date,25/06/1981,"June twenty fifth, nineteen eighty one"
currency,$516.71,five hundred sixteen dollars seventy one cents
hebrew_gender,איתך (Read as Feminine),itach
time,09:09,nine oh nine AM
time,01:13,one thirteen AM
date,18/05/2008,"May eighteenth, two thousand eight"
phone,570-497-8247,"five seven zero, four nine seven, eight two four seven"
decimal,72.981,seventy two point nine eight one
date,09/29/1932,"September twenty ninth, nineteen thirty two"
decimal,66.591,sixty six point five nine one
currency,$769.41,seven hundred sixty nine dollars forty one cents
currency,$130.05,one hundred thirty dollars five cents
decimal,28.105,twenty eight point one zero five
time,22:59,ten fifty nine PM
decimal,91.773,ninety one point seven seven three
decimal,54.931,fifty four point nine three one
hebrew_gender,כוונתך (Read as Masculine),kavanat'cha
number,903090,nine hundred three thousand ninety
hebrew_gender,שמך (Read as Feminine),shmech
hebrew_gender,זכותך (Read as Feminine),zchutech
hebrew_gender,אותך (Read as Feminine),otach
number,903744,"nine hundred three thousand, seven hundred forty four"
date,1927-04-18,"April eighteenth, nineteen twenty seven"
time,15:34,three thirty four PM
time,06:45,six forty five AM
decimal,4.431,four point four three one
hebrew_gender,לידיעתך (Read as Masculine),leyedi'at'cha
time,03:17,three seventeen AM
phone,272-938-8009,"two seven two, nine three eight, eight zero zero nine"
decimal,100.805,one hundred point eight zero five
date,05/19/1950,"May nineteenth, nineteen fifty"
decimal,55.351,fifty five point three five one
phone,848-557-7012,"eight four eight, five five seven, seven zero one two"
number,158430,"one hundred fifty eight thousand, four hundred thirty"
decimal,48.88,forty eight point eight eight
phone,590-831-5482,"five nine zero, eight three one, five four eight two"
date,04/22/1946,"April twenty second, nineteen forty six"
phone,401-878-2901,"four zero one, eight seven eight, two nine zero one"
currency,$241.33,two hundred forty one dollars thirty three cents
decimal,46.392,forty six point three nine two
time,00:53,twelve fifty three AM
currency,$20.85,twenty dollars eighty five cents
date,06/10/2003,"June tenth, two thousand three"
decimal,50.919,fifty point nine one nine
number,732636,"seven hundred thirty two thousand, six hundred thirty six"
currency,$259.68,two hundred fifty nine dollars sixty eight cents
number,678238,"six hundred seventy eight thousand, two hundred thirty eight"
time,20:21,eight twenty one PM
time,21:08,nine oh eight PM
number,755609,"seven hundred fifty five thousand, six hundred nine"
number,709151,"seven hundred nine thousand, one hundred fifty one"
number,234543,"two hundred thirty four thousand, five hundred forty three"
decimal,70.264,seventy point two six four
date,"December 25, 2007","December twenty fifth, two thousand seven"
currency,$660.66,six hundred sixty dollars sixty six cents
number,861106,"eight hundred sixty one thousand, one hundred six"
hebrew_gender,חשבת (Read as Feminine),chashavt
time,22:10,ten ten PM
hebrew_gender,תשובתך (Read as Feminine),tshuvatech
number,144392,"one hundred forty four thousand, three hundred ninety two"
time,05:30,five thirty AM
number,711260,"seven hundred eleven thousand, two hundred sixty"
date,1942-11-30,"November thirtieth, nineteen forty two"
number,446380,"four hundred forty six thousand, three hundred eighty"
decimal,31.263,thirty one point two six three
date,07/05/1938,"May seventh, nineteen thirty eight"
currency,$236.23,two hundred thirty six dollars twenty three cents
phone,862-586-2567,"eight six two, five eight six, two five six seven"
time,04:41,four forty one AM
currency,$168.92,one hundred sixty eight dollars ninety two cents
decimal,95.228,ninety five point two two eight
currency,$82.00,eighty two dollars
number,958476,"nine hundred fifty eight thousand, four hundred seventy six"
date,"June 09, 2019","June ninth, twenty nineteen"
phone,610-502-8451,"six one zero, five zero two, eight four five one"
number,877745,"eight hundred seventy seven thousand, seven hundred forty five"
date,15/06/2026,"June fifteenth, twenty twenty six"
date,2026-05-29,"May twenty ninth, twenty twenty six"
phone,718-533-6537,"seven one eight, five three three, six five three seven"
date,02/04/1962,"February fourth, nineteen sixty two"
decimal,42.614,forty two point six one four
currency,$498.19,four hundred ninety eight dollars nineteen cents
time,04:20,four twenty AM
currency,$283.56,two hundred eighty three dollars fifty six cents
time,15:24,three twenty four PM
date,1908-09-18,"September eighteenth, nineteen oh eight"
currency,$447.49,four hundred forty seven dollars forty nine cents
hebrew_gender,בשבילך (Read as Feminine),bishvilech
currency,$4.41,four dollars forty one cents
currency,$282.94,two hundred eighty two dollars ninety four cents
currency,$380.24,three hundred eighty dollars twenty four cents
number,727578,"seven hundred twenty seven thousand, five hundred seventy eight"
phone,930-221-3040,"nine three zero, two two one, three zero four zero"
hebrew_gender,ממך (Read as Feminine),mimech
number,967783,"nine hundred sixty seven thousand, seven hundred eighty three"
decimal,33.426,thirty three point four two six
date,1984-12-27,"December twenty seventh, nineteen eighty four"
date,02/18/2000,"February eighteenth, two thousand"
hebrew_gender,שאלתך (Read as Feminine),she'elatech
time,00:31,twelve thirty one AM
currency,$298.67,two hundred ninety eight dollars sixty seven cents
time,00:54,twelve fifty four AM
number,615394,"six hundred fifteen thousand, three hundred ninety four"
decimal,93.2,ninety three point two
decimal,70.668,seventy point six six eight
date,1951-12-04,"December fourth, nineteen fifty one"
number,918402,"nine hundred eighteen thousand, four hundred two"
date,"March 17, 1950","March seventeenth, nineteen fifty"
date,08/22/1951,"August twenty second, nineteen fifty one"
number,631514,"six hundred thirty one thousand, five hundred fourteen"
number,899856,"eight hundred ninety nine thousand, eight hundred fifty six"
hebrew_gender,אליך (Read as Masculine),eleicha
phone,900-526-9481,"nine zero zero, five two six, nine four eight one"
decimal,25.777,twenty five point seven seven seven
time,03:46,three forty six AM
number,130142,"one hundred thirty thousand, one hundred forty two"
currency,$389.93,three hundred eighty nine dollars ninety three cents
phone,918-910-8377,"nine one eight, nine one zero, eight three seven seven"
phone,921-203-5756,"nine two one, two zero three, five seven five six"
currency,$293.41,two hundred ninety three dollars forty one cents
time,03:31,three thirty one AM
currency,$236.80,two hundred thirty six dollars eighty cents
decimal,45.521,forty five point five two one
currency,$361.64,three hundred sixty one dollars sixty four cents
number,45663,"forty five thousand, six hundred sixty three"
phone,502-702-3450,"five zero two, seven zero two, three four five zero"
decimal,43.603,forty three point six zero three
date,2015-05-03,"May third, twenty fifteen"
time,10:38,ten thirty eight AM
phone,947-326-7683,"nine four seven, three two six, seven six eight three"
phone,405-512-8253,"four zero five, five one two, eight two five three"
hebrew_gender,דעתך (Read as Feminine),da'atech
decimal,8.536,eight point five three six
currency,$316.95,three hundred sixteen dollars ninety five cents
time,19:00,seven PM
currency,$998.83,nine hundred ninety eight dollars eighty three cents
time,13:29,one twenty nine PM
number,839658,"eight hundred thirty nine thousand, six hundred fifty eight"
decimal,67.854,sixty seven point eight five four
phone,761-903-2152,"seven six one, nine zero three, two one five two"
time,16:27,four twenty seven PM
time,16:54,four fifty four PM
date,04/23/1976,"April twenty third, nineteen seventy six"
currency,$563.91,five hundred sixty three dollars ninety one cents
decimal,32.170,thirty two point one seven zero
hebrew_gender,בשבילך (Read as Feminine),bishvilech
number,5236,"five thousand, two hundred thirty six"
date,2018-11-29,"November twenty ninth, twenty eighteen"
hebrew_gender,ממך (Read as Masculine),mimcha
number,482216,"four hundred eighty two thousand, two hundred sixteen"
number,843305,"eight hundred forty three thousand, three hundred five"
hebrew_gender,חשבת (Read as Masculine),chashavta
number,141911,"one hundred forty one thousand, nine hundred eleven"
date,06/03/2017,"March sixth, twenty seventeen"
phone,980-316-7929,"nine eight zero, three one six, seven nine two nine"
number,19355,"nineteen thousand, three hundred fifty five"
decimal,64.639,sixty four point six three nine
date,12/02/1972,"February twelfth, nineteen seventy two"
currency,$390.62,three hundred ninety dollars sixty two cents
phone,738-513-1875,"seven three eight, five one three, one eight seven five"
currency,$323.76,three hundred twenty three dollars seventy six cents
time,02:53,two fifty three AM
currency,$24.15,twenty four dollars fifteen cents
number,829288,"eight hundred twenty nine thousand, two hundred eighty eight"
date,2003-11-08,"November eighth, two thousand three"
hebrew_gender,הלכת (Read as Masculine),halachta
number,864259,"eight hundred sixty four thousand, two hundred fifty nine"
number,58692,"fifty eight thousand, six hundred ninety two"
date,21/09/2017,"September twenty first, twenty seventeen"
phone,797-444-8639,"seven nine seven, four four four, eight six three nine"
number,854971,"eight hundred fifty four thousand, nine hundred seventy one"
phone,962-965-9678,"nine six two, nine six five, nine six seven eight"
time,09:08,nine oh eight AM
time,17:54,five fifty four PM
hebrew_gender,זכותך (Read as Masculine),zchutcha
decimal,0.487,zero point four eight seven
date,07/10/1906,"July tenth, nineteen oh six"
currency,$773.89,seven hundred seventy three dollars eighty nine cents
time,11:53,eleven fifty three AM
currency,$37.90,thirty seven dollars ninety cents
currency,$430.25,four hundred thirty dollars twenty five cents
currency,$471.36,four hundred seventy one dollars thirty six cents
phone,714-988-8129,"seven one four, nine eight eight, eight one two nine"
hebrew_gender,איתך (Read as Masculine),itcha
number,437081,four hundred thirty seven thousand eighty one
number,833443,"eight hundred thirty three thousand, four hundred forty three"
decimal,1.461,one point four six one
date,09/30/1958,"September thirtieth, nineteen fifty eight"
hebrew_gender,ידיעתך (Read as Masculine),yedi'at'cha
hebrew_gender,שאלתך (Read as Feminine),she'elatech
currency,$462.24,four hundred sixty two dollars twenty four cents
currency,$101.56,one hundred one dollars fifty six cents
date,07/02/2009,"July second, two thousand nine"
number,725092,seven hundred twenty five thousand ninety two
decimal,51.14,fifty one point one four
date,1994-10-22,"October twenty second, nineteen ninety four"
currency,$848.21,eight hundred forty eight dollars twenty one cents
hebrew_gender,אמרת (Read as Masculine),amarta
decimal,94.914,ninety four point nine one four
currency,$153.80,one hundred fifty three dollars eighty cents
time,07:33,seven thirty three AM
hebrew_gender,חשבת (Read as Feminine),chashavt
date,22/10/1930,"October twenty second, nineteen thirty"
hebrew_gender,הלכת (Read as Feminine),halacht
number,177483,"one hundred seventy seven thousand, four hundred eighty three"
hebrew_gender,רצונך (Read as Masculine),retzoncha
number,62200,"sixty two thousand, two hundred"
phone,731-546-2603,"seven three one, five four six, two six zero three"
currency,$397.35,three hundred ninety seven dollars thirty five cents
date,28/09/1981,"September twenty eighth, nineteen eighty one"
time,17:33,five thirty three PM
date,02/25/1951,"February twenty fifth, nineteen fifty one"
number,398829,"three hundred ninety eight thousand, eight hundred twenty nine"
currency,$919.45,nine hundred nineteen dollars forty five cents
decimal,48.409,forty eight point four zero nine
hebrew_gender,לך (Read as Feminine),lach
date,"November 04, 1949","November fourth, nineteen forty nine"
hebrew_gender,כתבת (Read as Feminine),katavt
number,524878,"five hundred twenty four thousand, eight hundred seventy eight"
time,16:17,four seventeen PM
number,886155,"eight hundred eighty six thousand, one hundred fifty five"
number,86205,"eighty six thousand, two hundred five"
time,04:02,four oh two AM
decimal,63.538,sixty three point five three eight
time,19:18,seven eighteen PM
date,"November 18, 2038","November eighteenth, twenty thirty eight"
hebrew_gender,אצלך (Read as Masculine),etzlecha
time,07:11,seven eleven AM
number,738243,"seven hundred thirty eight thousand, two hundred forty three"
hebrew_gender,דעתך (Read as Masculine),da'at'cha
time,19:06,seven oh six PM
date,18/07/1972,"July eighteenth, nineteen seventy two"
date,1913-02-03,"February third, nineteen thirteen"
date,01/19/1995,"January nineteenth, nineteen ninety five"
number,713431,"seven hundred thirteen thousand, four hundred thirty one"
time,04:24,four twenty four AM
currency,$249.65,two hundred forty nine dollars sixty five cents
time,18:05,six oh five PM
decimal,90.990,ninety point nine nine zero
date,01/19/2031,"January nineteenth, twenty thirty one"
time,13:26,one twenty six PM
time,18:03,six oh three PM
number,630954,"six hundred thirty thousand, nine hundred fifty four"
currency,$223.84,two hundred twenty three dollars eighty four cents
hebrew_gender,בשבילך (Read as Masculine),bishvilcha
number,373379,"three hundred seventy three thousand, three hundred seventy nine"
hebrew_gender,דעתך (Read as Masculine),da'at'cha
hebrew_gender,אליך (Read as Feminine),elaich
decimal,74.174,seventy four point one seven four
date,17/07/1937,"July seventeenth, nineteen thirty seven"
time,08:12,eight twelve AM
time,08:01,eight oh one AM
date,03/18/1907,"March eighteenth, nineteen oh seven"
date,29/10/1945,"October twenty ninth, nineteen forty five"
time,12:34,twelve thirty four PM
number,46526,"forty six thousand, five hundred twenty six"
time,18:16,six sixteen PM
number,608443,"six hundred eight thousand, four hundred forty three"
number,261882,"two hundred sixty one thousand, eight hundred eighty two"
decimal,93.206,ninety three point two zero six
decimal,69.831,sixty nine point eight three one
hebrew_gender,כוונתך (Read as Feminine),kavanatech
date,2035-02-11,"February eleventh, twenty thirty five"
number,191894,"one hundred ninety one thousand, eight hundred ninety four"
time,11:02,eleven oh two AM
number,437838,"four hundred thirty seven thousand, eight hundred thirty eight"
decimal,46.335,forty six point three three five
currency,$638.98,six hundred thirty eight dollars ninety eight cents
date,25/11/2022,"November twenty fifth, twenty twenty two"
decimal,77.26,seventy seven point two six
time,00:12,twelve twelve AM
time,08:28,eight twenty eight AM
number,958927,"nine hundred fifty eight thousand, nine hundred twenty seven"
phone,685-889-2189,"six eight five, eight eight nine, two one eight nine"
hebrew_gender,אותך (Read as Feminine),otach
currency,$778.35,seven hundred seventy eight dollars thirty five cents
decimal,57.626,fifty seven point six two six
hebrew_gender,אליך (Read as Masculine),eleicha
time,09:13,nine thirteen AM
number,415210,"four hundred fifteen thousand, two hundred ten"
phone,563-994-4756,"five six three, nine nine four, four seven five six"
decimal,52.733,fifty two point seven three three
hebrew_gender,שמעת (Read as Feminine),shamat
hebrew_gender,רצית (Read as Masculine),ratzita
currency,$349.17,three hundred forty nine dollars seventeen cents
phone,567-730-9991,"five six seven, seven three zero, nine nine nine one"
time,01:41,one forty one AM
hebrew_gender,הלכת (Read as Masculine),halachta
phone,950-778-8739,"nine five zero, seven seven eight, eight seven three nine"
date,30/04/1972,"April thirtieth, nineteen seventy two"
phone,486-530-2810,"four eight six, five three zero, two eight one zero"
currency,$101.11,one hundred one dollars eleven cents
number,8759,"eight thousand, seven hundred fifty nine"
hebrew_gender,לך (Read as Feminine),lach
time,03:02,three oh two AM
hebrew_gender,שאלתך (Read as Masculine),she'elatcha
number,347353,"three hundred forty seven thousand, three hundred fifty three"
hebrew_gender,כוונתך (Read as Feminine),kavanatech
currency,$440.26,four hundred forty dollars twenty six cents
number,130476,"one hundred thirty thousand, four hundred seventy six"
phone,834-473-2178,"eight three four, four seven three, two one seven eight"
time,02:53,two fifty three AM
phone,720-922-5576,"seven two zero, nine two two, five five seven six"
number,769534,"seven hundred sixty nine thousand, five hundred thirty four"
time,10:38,ten thirty eight AM
number,149323,"one hundred forty nine thousand, three hundred twenty three"
hebrew_gender,שמעת (Read as Masculine),shamata
decimal,99.48,ninety nine point four eight
number,996282,"nine hundred ninety six thousand, two hundred eighty two"
number,398114,"three hundred ninety eight thousand, one hundred fourteen"
decimal,78.948,seventy eight point nine four eight
time,14:19,two nineteen PM
date,05/28/2036,"May twenty eighth, twenty thirty six"
hebrew_gender,דעתך (Read as Masculine),da'at'cha
decimal,29.319,twenty nine point three one nine
time,20:44,eight forty four PM
currency,$528.53,five hundred twenty eight dollars fifty three cents
time,23:06,eleven oh six PM
number,914017,nine hundred fourteen thousand seventeen
number,646920,"six hundred forty six thousand, nine hundred twenty"
currency,$506.93,five hundred six dollars ninety three cents
decimal,93.778,ninety three point seven seven eight
date,11/21/1972,"November twenty first, nineteen seventy two"
date,1979-07-19,"July nineteenth, nineteen seventy nine"
hebrew_gender,זכותך (Read as Feminine),zchutech
phone,268-405-3128,"two six eight, four zero five, three one two eight"
decimal,17.577,seventeen point five seven seven
decimal,97.300,ninety seven point three zero zero
number,969117,"nine hundred sixty nine thousand, one hundred seventeen"
phone,802-636-3995,"eight zero two, six three six, three nine nine five"
decimal,89.693,eighty nine point six nine three
decimal,41.408,forty one point four zero eight
